{"train/loss": 1.9946, "train/grad_norm": 1.5748153924942017, "train/learning_rate": 0.00019616000000000002, "train/epoch": 0.02, "train/global_step": 60, "_timestamp": 1713429878.8455505, "_runtime": 67.1644594669342, "_step": 6, "eval/loss": 2.1496188640594482, "eval/accuracy": 0.5105, "eval/runtime": 58.5241, "eval/samples_per_second": 170.87, "eval/steps_per_second": 21.359, "_wandb": {"runtime": 70}}