{"train/loss": 1.938, "train/grad_norm": 1.5756134986877441, "train/learning_rate": 0.00019616000000000002, "train/epoch": 0.02, "train/global_step": 60, "_timestamp": 1713429591.6532917, "_runtime": 69.05299067497253, "_step": 6, "eval/loss": 2.106426477432251, "eval/accuracy": 0.6753, "eval/runtime": 60.3152, "eval/samples_per_second": 165.796, "eval/steps_per_second": 20.724, "_wandb": {"runtime": 72}}