{"train/loss": 0.0003, "train/grad_norm": 0.05469430610537529, "train/learning_rate": 8e-08, "train/epoch": 4.0, "train/global_step": 12500, "_timestamp": 1713367545.9677317, "_runtime": 1670.6112627983093, "_step": 1256, "eval/loss": 0.11644425988197327, "eval/accuracy": 0.9767, "eval/runtime": 56.0697, "eval/samples_per_second": 178.349, "eval/steps_per_second": 22.294, "train/train_runtime": 1611.1383, "train/train_samples_per_second": 124.136, "train/train_steps_per_second": 7.758, "train/total_flos": 1.54995091808256e+19, "train/train_loss": 0.10937303994357586, "_wandb": {"runtime": 1669}}