{"train/loss": 0.0299, "train/grad_norm": 2.433891773223877, "train/learning_rate": 5.760000000000001e-07, "train/epoch": 1.0, "train/global_step": 3125, "_timestamp": 1713383131.5723941, "_runtime": 686.2094020843506, "_step": 318, "eval/runtime": 58.2803, "eval/samples_per_second": 171.585, "eval/steps_per_second": 21.448, "train/train_runtime": 628.7609, "train/train_samples_per_second": 79.521, "train/train_steps_per_second": 4.97, "train/total_flos": 3.901860071424e+18, "train/train_loss": 0.17134383422851562, "_wandb": {"runtime": 685}}