{"train/loss": 0.0341, "train/grad_norm": 1.801857352256775, "train/learning_rate": 5.12e-07, "train/epoch": 1.0, "train/global_step": 3125, "_timestamp": 1713430622.188341, "_runtime": 706.5668969154358, "_step": 318, "eval/loss": 0.059126775711774826, "eval/accuracy": 0.9838, "eval/runtime": 60.8271, "eval/samples_per_second": 164.4, "eval/steps_per_second": 20.55, "train/train_runtime": 646.5557, "train/train_samples_per_second": 77.333, "train/train_steps_per_second": 4.833, "train/total_flos": 3.901860071424e+18, "train/train_loss": 0.16975751766204833, "_wandb": {"runtime": 706}}