{"train/loss": 0.0155, "train/grad_norm": 2.6531789302825928, "train/learning_rate": 4.48e-07, "train/epoch": 1.0, "train/global_step": 3125, "_timestamp": 1713433451.3708775, "_runtime": 697.7248935699463, "_step": 318, "eval/loss": 0.0689028650522232, "eval/accuracy": 0.9809, "eval/runtime": 57.3772, "eval/samples_per_second": 174.285, "eval/steps_per_second": 21.786, "train/train_runtime": 637.2035, "train/train_samples_per_second": 78.468, "train/train_steps_per_second": 4.904, "train/total_flos": 3.8748772952064e+18, "train/train_loss": 0.19985439247131348, "_wandb": {"runtime": 697}}